<?xml version="1.0" encoding="UTF-8"?><!--Generated by IBM TransformationAdvisor 
Wed Jan 23 16:12:33 UTC 2019--><server>
<!--These elements have been identified from this application's configuration.-->
<featureManager>
<feature>jsp-2.3</feature>
<feature>servlet-3.1</feature>
</featureManager>
<httpEndpoint host="*" httpPort="9080" httpsPort="9443" id="defaultHttpEndpoint"/>
<!-- <variable name="DERBY_JDBC_DRIVER_PATH" value="${WAS_INSTALL_ROOT}/derby/lib"/> -->
<variable name="DERBY_JDBC_DRIVER_PATH" value="/config/lib"/>
<applicationManager autoExpand="true"/>
    <application id="modresorts-1_0_war" location="modresorts1.0.war" name="modresorts-1_0_war" type="war"/>
</server>